<?xml version="1.0" encoding="UTF-8"?>

<!-- For assistance related to logback-translator or configuration -->
<!-- files in general, please contact the logback user mailing list -->
<!-- at http://www.qos.ch/mailman/listinfo/logback-user -->
<!-- -->
<!-- For professional support please see -->
<!-- http://www.qos.ch/shop/products/professionalSupport -->
<!-- -->
<configuration>
    <property name="appName" value="springboot-provider"/>

    <appender name="stdout" class="ch.qos.logback.core.ConsoleAppender">
        <Target>System.out</Target>
        <encoder>
            <pattern>[stdout]%date [%thread] %-5level %logger{80} - %msg%n</pattern>
        </encoder>
    </appender>


    <logger name="org.springframework" level="info" additivity="false">
        <appender-ref ref="stdout"/>
    </logger>
    <logger name="cn.valuetodays" level="info" additivity="false">
        <appender-ref ref="stdout"/>
    </logger>

    <root level="info">
        <appender-ref ref="stdout"/>
    </root>

</configuration>

